{
  "elements": [
    {
      "description": "", 
      "parameters": [], 
      "returnvalues": [], 
      "deprecated": "", 
      "brief": "android build fingerprint", 
      "note": "", 
      "examples": "", 
      "type": "VARIABLE", 
      "name": "crash.SYSFIELD_ANDROID_BUILD_FINGERPRINT"
    }, 
    {
      "description": "", 
      "parameters": [], 
      "returnvalues": [], 
      "deprecated": "", 
      "brief": "system device language as reported by sys.get_sys_info", 
      "note": "", 
      "examples": "", 
      "type": "VARIABLE", 
      "name": "crash.SYSFIELD_DEVICE_LANGUAGE"
    }, 
    {
      "description": "", 
      "parameters": [], 
      "returnvalues": [], 
      "deprecated": "", 
      "brief": "device manufacturer as reported by sys.get_sys_info", 
      "note": "", 
      "examples": "", 
      "type": "VARIABLE", 
      "name": "crash.SYSFIELD_DEVICE_MANUFACTURER"
    }, 
    {
      "description": "", 
      "parameters": [], 
      "returnvalues": [], 
      "deprecated": "", 
      "brief": "device model as reported by sys.get_sys_info", 
      "note": "", 
      "examples": "", 
      "type": "VARIABLE", 
      "name": "crash.SYSFIELD_DEVICE_MODEL"
    }, 
    {
      "description": "", 
      "parameters": [], 
      "returnvalues": [], 
      "deprecated": "", 
      "brief": "engine version as hash", 
      "note": "", 
      "examples": "", 
      "type": "VARIABLE", 
      "name": "crash.SYSFIELD_ENGINE_HASH"
    }, 
    {
      "description": "", 
      "parameters": [], 
      "returnvalues": [], 
      "deprecated": "", 
      "brief": "engine version as release number", 
      "note": "", 
      "examples": "", 
      "type": "VARIABLE", 
      "name": "crash.SYSFIELD_ENGINE_VERSION"
    }, 
    {
      "description": "", 
      "parameters": [], 
      "returnvalues": [], 
      "deprecated": "", 
      "brief": "system language as reported by sys.get_sys_info", 
      "note": "", 
      "examples": "", 
      "type": "VARIABLE", 
      "name": "crash.SYSFIELD_LANGUAGE"
    }, 
    {
      "description": "", 
      "parameters": [], 
      "returnvalues": [], 
      "deprecated": "", 
      "brief": "system name as reported by sys.get_sys_info", 
      "note": "", 
      "examples": "", 
      "type": "VARIABLE", 
      "name": "crash.SYSFIELD_SYSTEM_NAME"
    }, 
    {
      "description": "", 
      "parameters": [], 
      "returnvalues": [], 
      "deprecated": "", 
      "brief": "system version as reported by sys.get_sys_info", 
      "note": "", 
      "examples": "", 
      "type": "VARIABLE", 
      "name": "crash.SYSFIELD_SYSTEM_VERSION"
    }, 
    {
      "description": "", 
      "parameters": [], 
      "returnvalues": [], 
      "deprecated": "", 
      "brief": "system territory as reported by sys.get_sys_info", 
      "note": "", 
      "examples": "", 
      "type": "VARIABLE", 
      "name": "crash.SYSFIELD_TERRITORY"
    }, 
    {
      "description": "A table is returned containing the addresses of the call stack.", 
      "parameters": [
        {
          "doc": "crash dump handle (number)", 
          "name": "handle"
        }
      ], 
      "returnvalues": [
        {
          "doc": "table containing the backtrace (table)", 
          "name": "backtrace"
        }
      ], 
      "deprecated": "", 
      "brief": "read backtrace recorded in a loaded crash dump", 
      "note": "", 
      "examples": "", 
      "type": "FUNCTION", 
      "name": "crash.get_backtrace"
    }, 
    {
      "description": "The format of read text blob is platform specific\nand not guaranteed\nbut can be useful for manual inspection.", 
      "parameters": [
        {
          "doc": "crash dump handle (number)", 
          "name": "handle"
        }
      ], 
      "returnvalues": [
        {
          "doc": "string with the platform specific data (string)", 
          "name": "blob"
        }
      ], 
      "deprecated": "", 
      "brief": "read text blob recorded in a crash dump", 
      "note": "", 
      "examples": "", 
      "type": "FUNCTION", 
      "name": "crash.get_extra_data"
    }, 
    {
      "description": "The function returns a table containing entries with sub-tables that\nhave 'name' and 'address' set for all loaded modules.", 
      "parameters": [
        {
          "doc": "crash dump handle (number)", 
          "name": "handle"
        }
      ], 
      "returnvalues": [
        {
          "doc": "module table (table)", 
          "name": "modules"
        }
      ], 
      "deprecated": "", 
      "brief": "get all loaded modules from when the crash occured", 
      "note": "", 
      "examples": "", 
      "type": "FUNCTION", 
      "name": "crash.get_modules"
    }, 
    {
      "description": "", 
      "parameters": [
        {
          "doc": "crash dump handle (number)", 
          "name": "handle"
        }
      ], 
      "returnvalues": [
        {
          "doc": "signal number (number)", 
          "name": "signal"
        }
      ], 
      "deprecated": "", 
      "brief": "read signal number from a crash report", 
      "note": "", 
      "examples": "", 
      "type": "FUNCTION", 
      "name": "crash.get_signum"
    }, 
    {
      "description": "", 
      "parameters": [
        {
          "doc": "crash dump handle (number)", 
          "name": "handle"
        }, 
        {
          "doc": "system field enum (number)", 
          "name": "index"
        }
      ], 
      "returnvalues": [
        {
          "doc": "value recorded in the crash dump (string)", 
          "name": "value"
        }
      ], 
      "deprecated": "", 
      "brief": "reads a system field from a loaded crash dump", 
      "note": "", 
      "examples": "", 
      "type": "FUNCTION", 
      "name": "crash.get_sys_field"
    }, 
    {
      "description": "", 
      "parameters": [
        {
          "doc": "crash dump handle (number)", 
          "name": "handle"
        }, 
        {
          "doc": "user data slot index (number)", 
          "name": "index"
        }
      ], 
      "returnvalues": [
        {
          "doc": "user data value recorded in the crash dump (string)", 
          "name": "value"
        }
      ], 
      "deprecated": "", 
      "brief": "reads user field from a loaded crash dump", 
      "note": "", 
      "examples": "", 
      "type": "FUNCTION", 
      "name": "crash.get_user_field"
    }, 
    {
      "description": "The crash dump will be removed from disk upon a successful\nload, so loading is one-shot.", 
      "parameters": [], 
      "returnvalues": [
        {
          "doc": "handle to the loaded dump, or nil if no dump was found. (number)", 
          "name": "handle"
        }
      ], 
      "deprecated": "", 
      "brief": "loads a previously written crash dump", 
      "note": "", 
      "examples": "", 
      "type": "FUNCTION", 
      "name": "crash.load_previous"
    }, 
    {
      "description": "", 
      "parameters": [
        {
          "doc": "handle to loaded crash dump (number)", 
          "name": "handle"
        }
      ], 
      "returnvalues": [], 
      "deprecated": "", 
      "brief": "releases a previously loaded crash dump", 
      "note": "", 
      "examples": "", 
      "type": "FUNCTION", 
      "name": "crash.release"
    }, 
    {
      "description": "Crashes occuring before the path is set will be stored to a default engine location.", 
      "parameters": [
        {
          "doc": "file path to use (string)", 
          "name": "path"
        }
      ], 
      "returnvalues": [], 
      "deprecated": "", 
      "brief": "sets the file location for crash dumps", 
      "note": "", 
      "examples": "", 
      "type": "FUNCTION", 
      "name": "crash.set_file_path"
    }, 
    {
      "description": "Store a user value that will get written to a crash dump when\na crash occurs. This can be user id:s, breadcrumb data etc.\nThere are 32 slots indexed from 0. Each slot stores at most 255 characters.", 
      "parameters": [
        {
          "doc": "slot index. 0-indexed. (number)", 
          "name": "index"
        }, 
        {
          "doc": "string value to store (string)", 
          "name": "value"
        }
      ], 
      "returnvalues": [], 
      "deprecated": "", 
      "brief": "stores user-defined string value", 
      "note": "", 
      "examples": "", 
      "type": "FUNCTION", 
      "name": "crash.set_user_field"
    }, 
    {
      "description": "Performs the same steps as if a crash had just occured but\nallows the program to continue.\nThe generated dump can be read by crash.load_previous", 
      "parameters": [], 
      "returnvalues": [], 
      "deprecated": "", 
      "brief": "writes crash dump", 
      "note": "", 
      "examples": "", 
      "type": "FUNCTION", 
      "name": "crash.write_dump"
    }
  ]
}