{
  "elements": [
    {
      "description": "<p>\nThis message is broadcast to every GUI component when a layout change has been initiated\non device.\n</p>", 
      "parameters": [
        {
          "doc": "the id of the layout the engine is changing to (hash)", 
          "name": "id"
        }, 
        {
          "doc": "the id of the layout the engine is changing from (hash)", 
          "name": "previous_id"
        }
      ], 
      "returnvalues": [], 
      "deprecated": "", 
      "brief": "reports a layout change", 
      "note": "", 
      "examples": "<pre>\nfunction on_message(self, message_id, message, sender)\n   if message_id == hash(\"layout_changed\") and message.id == hash(\"Landscape\") then\n       -- switching layout to \"Landscape\"...\n       ...\n   end\nend\n</pre>", 
      "type": "MESSAGE", 
      "name": "layout_changed"
    }
  ]
}