{
  "elements": [
    {
      "description": "Decode a string of JSON data into a Lua table.\nA Lua error is raised for syntax errors.", 
      "parameters": [
        {
          "doc": "json data (string)", 
          "name": "json"
        }
      ], 
      "returnvalues": [
        {
          "doc": "json (table)", 
          "name": "decoded"
        }
      ], 
      "deprecated": "", 
      "brief": "decode JSON from a string to a lua-table", 
      "note": "", 
      "examples": "", 
      "type": "FUNCTION", 
      "name": "json.decode"
    }
  ]
}