{
  "elements": [
    {
      "description": "Post this message to a sound-component to make it play its sound. Multiple voices is support. The limit is set to 32 voices per sound component.", 
      "parameters": [
        {
          "doc": "delay in seconds before the sound starts playing, default is 0 (number)", 
          "name": "[delay]"
        }, 
        {
          "doc": "sound gain between 0 and 1, default is 1 (number)", 
          "name": "[gain]"
        }
      ], 
      "returnvalues": [], 
      "deprecated": "", 
      "brief": "plays a sound", 
      "note": "", 
      "examples": "<p>\nAssuming the script belongs to an instance with a sound-component with id \"sound\", this will make the component play its sound after 1 second:\n</p>\n<pre>\nmsg.post(\"#sound\", \"play_sound\", {delay = 1, gain = 0.5})\n</pre>", 
      "type": "MESSAGE", 
      "name": "play_sound"
    }, 
    {
      "description": "Post this message to a sound-component to set gain on all active playing voices.", 
      "parameters": [
        {
          "doc": "sound gain between 0 and 1, default is 1 (number)", 
          "name": "[gain]"
        }
      ], 
      "returnvalues": [], 
      "deprecated": "", 
      "brief": "set sound gain", 
      "note": "", 
      "examples": "<p>\nAssuming the script belongs to an instance with a sound-component with id \"sound\", this will set the gain to 0.5\n</p>\n<pre>\nmsg.post(\"#sound\", \"set_gain\", {gain = 0.5})\n</pre>", 
      "type": "MESSAGE", 
      "name": "set_gain"
    }, 
    {
      "description": "Get mixer group gain\n<p>\nNote that gain is in linear scale.\n</p>", 
      "parameters": [
        {
          "doc": "group name (hash|string)", 
          "name": "group"
        }
      ], 
      "returnvalues": [
        {
          "doc": "in linear scale", 
          "name": "gain"
        }
      ], 
      "deprecated": "", 
      "brief": "get mixer group gain", 
      "note": "", 
      "examples": "", 
      "type": "FUNCTION", 
      "name": "sound.get_group_gain"
    }, 
    {
      "description": "Get a mixer group name as a string.\n<p>Note that this function does not return correct group name in release mode</p>", 
      "parameters": [
        {
          "doc": "group name (hash|string)", 
          "name": "group"
        }
      ], 
      "returnvalues": [
        {
          "doc": "name (string)", 
          "name": "group"
        }
      ], 
      "deprecated": "", 
      "brief": "get mixer group name string", 
      "note": "", 
      "examples": "", 
      "type": "FUNCTION", 
      "name": "sound.get_group_name"
    }, 
    {
      "description": "Get all mixer group names", 
      "parameters": [], 
      "returnvalues": [
        {
          "doc": "of mixer groups names (table)", 
          "name": "table"
        }
      ], 
      "deprecated": "", 
      "brief": "get all mixer group names", 
      "note": "", 
      "examples": "", 
      "type": "FUNCTION", 
      "name": "sound.get_groups"
    }, 
    {
      "description": "Get peak value from mixer group.\n<p>\nNote that the returned value might be an approximation and in particular\nthe effective window might be larger than specified.\n</p>", 
      "parameters": [
        {
          "doc": "group name (hash|string)", 
          "name": "group"
        }, 
        {
          "doc": "window length in seconds (number)", 
          "name": "window"
        }
      ], 
      "returnvalues": [
        {
          "doc": "value for left channel (number)", 
          "name": "peak"
        }, 
        {
          "doc": "value for right channel (number)", 
          "name": "peak"
        }
      ], 
      "deprecated": "", 
      "brief": "get peak gain value from mixer group", 
      "note": "", 
      "examples": "", 
      "type": "FUNCTION", 
      "name": "sound.get_peak"
    }, 
    {
      "description": "Get RMS (Root Mean Square) value from mixer group.\n<p>\nNote that the returned value might be an approximation and in particular\nthe effective window might be larger than specified.\n</p>", 
      "parameters": [
        {
          "doc": "group name (hash|string)", 
          "name": "group"
        }, 
        {
          "doc": "window length in seconds (number)", 
          "name": "window"
        }
      ], 
      "returnvalues": [
        {
          "doc": "value for left channel (number)", 
          "name": "rms"
        }, 
        {
          "doc": "value for right channel (number)", 
          "name": "rms"
        }
      ], 
      "deprecated": "", 
      "brief": "get rms value from mixer group", 
      "note": "", 
      "examples": "", 
      "type": "FUNCTION", 
      "name": "sound.get_rms"
    }, 
    {
      "description": "Checks if background music is playing, e.g. from iTunes", 
      "parameters": [], 
      "returnvalues": [
        {
          "doc": "if music is playing (bool)", 
          "name": "true"
        }
      ], 
      "deprecated": "", 
      "brief": "check if background music is playing", 
      "note": "", 
      "examples": "", 
      "type": "FUNCTION", 
      "name": "sound.is_music_playing"
    }, 
    {
      "description": "Checks if a phone call is active. If there is an active phone call all\nother sounds will be muted until the phone call is finished.", 
      "parameters": [], 
      "returnvalues": [
        {
          "doc": "if there is an active phone call (bool)", 
          "name": "true"
        }
      ], 
      "deprecated": "", 
      "brief": "check if a phone call is active", 
      "note": "", 
      "examples": "", 
      "type": "FUNCTION", 
      "name": "sound.is_phone_call_active"
    }, 
    {
      "description": "Set mixer group gain\n<p>\nNote that gain is in linear scale.\n</p>", 
      "parameters": [
        {
          "doc": "group name (hash|string)", 
          "name": "group"
        }, 
        {
          "doc": "gain in linear scale (number)", 
          "name": "gain"
        }
      ], 
      "returnvalues": [], 
      "deprecated": "", 
      "brief": "set mixer group gain", 
      "note": "", 
      "examples": "", 
      "type": "FUNCTION", 
      "name": "sound.set_group_gain"
    }, 
    {
      "description": "Post this message to a sound-component to make it stop playing all active voices", 
      "parameters": [], 
      "returnvalues": [], 
      "deprecated": "", 
      "brief": "stop a playing a sound(s)", 
      "note": "", 
      "examples": "<p>\nAssuming the script belongs to an instance with a sound-component with id \"sound\", this will make the component stop all playing voices:\n</p>\n<pre>\nmsg.post(\"#sound\", \"stop_sound\")\n</pre>", 
      "type": "MESSAGE", 
      "name": "stop_sound"
    }
  ]
}