{
  "elements": [
    {
      "description": "Send this message to a tile map component to change the tile in one of its cells.\n\nDEPRECATED! Use <code>tilemap.set_tile()</code> instead.", 
      "parameters": [
        {
          "doc": "id of the layer for which to change a tile", 
          "name": "layer_id"
        }, 
        {
          "doc": "the position of the cell for which to change the tile (world space)", 
          "name": "position"
        }, 
        {
          "doc": "index of the tile to change to in the tile set, 1 for the first tile and 0 to clear the tile (0 by default)", 
          "name": "tile"
        }, 
        {
          "doc": "horizontal offset from the supplied position to the requested cell (grid space, 0 by default)", 
          "name": "dx"
        }, 
        {
          "doc": "vertical offset from the supplied position to the requested cell (grid space, 0 by default)", 
          "name": "dy"
        }
      ], 
      "returnvalues": [], 
      "deprecated": "", 
      "brief": "(DEPRECATED) changes a tile in a tile map", 
      "note": "", 
      "examples": "<p>\nThis example demonstrates how to clear the tile above the instance when it collides with that tile from underneath,\ni.e. the same thing that would happen in Super Mario Bros.\n</p>\n\n<p>\nAssuming the instance we collide with has a tile map component with id \"tilemap\", which has a layer with id \"layer1\":\n</p>\n<pre>\nfunction on_message(self, message_id, message, sender)\n    if message_id == hash(\"contact_point_response\") then\n        -- check if the normal points down-wards\n        if message.normal.y < -0.5 then\n            msg.post(msg.url(nil, message.other_id, \"tilemap\"), \"set_tile\", {layer_id = hash(\"layer1\"), position = go.get_position(), dy = 1})\n        end\n    end\nend\n</pre>", 
      "type": "MESSAGE", 
      "name": "set_tile"
    }, 
    {
      "description": "Get the bounds for a tile map. This function returns multiple values:\nThe lower left corner index x and y coordinates (1-indexed),\nthe tile map width and the tile map height.\n\nThe resulting values take all tile map layers into account, meaning that\nthe bounds are calculated as if all layers were collapsed into one.", 
      "parameters": [
        {
          "doc": "the tile map (url)", 
          "name": "url"
        }
      ], 
      "returnvalues": [
        {
          "doc": "coordinate of the bottom left corner (number)", 
          "name": "x"
        }, 
        {
          "doc": "coordinate of the bottom left corner (number)", 
          "name": "y"
        }, 
        {
          "doc": "of columns in the tile map (number)", 
          "name": "number"
        }, 
        {
          "doc": "of rows in the tile map (number)", 
          "name": "number"
        }
      ], 
      "deprecated": "", 
      "brief": "get the bounds of a tile map", 
      "note": "", 
      "examples": "<pre>\n-- get the level bounds.\nlocal x, y, w, h = tilemap.get_bounds(\"/level#tilemap\")\n</pre>", 
      "type": "FUNCTION", 
      "name": "tilemap.get_bounds"
    }, 
    {
      "description": "Get the tile set at the specified position in the tilemap.\nThe position is identified by the tile index starting at origo\nwith index 1, 1. (see <code>tilemap.set_tile()</code>)\nWhich tile map and layer to query is identified by the URL and the\nlayer name parameters.", 
      "parameters": [
        {
          "doc": "the tile map (url)", 
          "name": "url"
        }, 
        {
          "doc": "of the layer (string|hash)", 
          "name": "name"
        }, 
        {
          "doc": "of the tile (number)", 
          "name": "x-coordinate"
        }, 
        {
          "doc": "of the tile (number)", 
          "name": "y-coordinate"
        }
      ], 
      "returnvalues": [
        {
          "doc": "of the tile (number)", 
          "name": "index"
        }
      ], 
      "deprecated": "", 
      "brief": "get a tile from a tile map", 
      "note": "", 
      "examples": "<pre>\n-- get the tile under the player.\nlocal tileno = tilemap.get_tile(\"/level#tilemap\", \"foreground\", self.player_x, self.player_y)\n</pre>", 
      "type": "FUNCTION", 
      "name": "tilemap.get_tile"
    }, 
    {
      "description": "The constant must be defined in the material assigned to the tile map.\nResetting a constant through this function implies that the value defined in the material will be used.\nWhich tile map to reset a constant for is identified by the URL.", 
      "parameters": [
        {
          "doc": "the tile map that should have a constant reset (url)", 
          "name": "url"
        }, 
        {
          "doc": "of the constant (string|hash)", 
          "name": "name"
        }
      ], 
      "returnvalues": [], 
      "deprecated": "", 
      "brief": "reset a shader constant for a tile map", 
      "note": "", 
      "examples": "<p>\nThe following examples assumes that the tile map has id \"tilemap\" and that the default-material in builtins is used.\nIf you assign a custom material to the tile map, you can reset the constants defined there in the same manner.\n</p>\n<p>\nHow to reset the tinting of a tile map:\n</p>\n<pre>\nfunction init(self)\n    tilemap.reset_constant(\"#tilemap\", \"tint\")\nend\n</pre>", 
      "type": "FUNCTION", 
      "name": "tilemap.reset_constant"
    }, 
    {
      "description": "The constant must be defined in the material assigned to the tile map.\nSetting a constant through this function will override the value set for that constant in the material.\nThe value will be overridden until tilemap.reset_constant is called.\nWhich tile map to set a constant for is identified by the URL.", 
      "parameters": [
        {
          "doc": "the tile map that should have a constant set (url)", 
          "name": "url"
        }, 
        {
          "doc": "of the constant (string|hash)", 
          "name": "name"
        }, 
        {
          "doc": "of the constant (vec4)", 
          "name": "value"
        }
      ], 
      "returnvalues": [], 
      "deprecated": "", 
      "brief": "set a shader constant for a tile map", 
      "note": "", 
      "examples": "<p>\nThe following examples assumes that the tile map has id \"tile map\" and that the default-material in builtins is used.\nIf you assign a custom material to the tile map, you can set the constants defined there in the same manner.\n</p>\n<p>\nHow to tint a tile map to red:\n</p>\n<pre>\nfunction init(self)\n    tilemap.set_constant(\"#tilemap\", \"tint\", vmath.vector4(1, 0, 0, 1))\nend\n</pre>", 
      "type": "FUNCTION", 
      "name": "tilemap.set_constant"
    }, 
    {
      "description": "Replace a tile in a tile map with a new tile.\nThe coordinates of the tiles are indexed so that the \"first\" tile just\nabove and to the right of origo has coordinates 1,1.\nTiles to the left of and below origo are indexed 0, -1, -2 and so forth.\n\n<pre>\n+-------+-------+------+------+\n|  0,3  |  1,3  | 1,2  | 3,3  |\n+-------+-------+------+------+\n|  0,2  |  1,2  | 2,2  | 3,2  |\n+-------+-------+------+------+\n|  0,1  |  1,1  | 2,1  | 3,1  |\n+-------O-------+------+------+\n|  0,0  |  1,0  | 2,0  | 3,0  |\n+-------+-------+------+------+\n</pre>\nThe coordinates must be within the bounds of the tile map as it were created. That is, it is not\npossible to extend the size of a tile map by setting tiles outside the edges.\nTo clear a tile, set the tile to number 0. Which tile map and layer to manipulate is identified by\nthe URL and the layer name parameters.", 
      "parameters": [
        {
          "doc": "the tile map (url)", 
          "name": "url"
        }, 
        {
          "doc": "of the layer (string|hash)", 
          "name": "name"
        }, 
        {
          "doc": "of the tile (number)", 
          "name": "x-coordinate"
        }, 
        {
          "doc": "of the tile (number)", 
          "name": "y-coordinate"
        }, 
        {
          "doc": "tile to set (number)", 
          "name": "new"
        }, 
        {
          "doc": "if the tile should be horizontally flipped (boolean)", 
          "name": "optional"
        }, 
        {
          "doc": "i the tile should be vertically flipped (boolean)", 
          "name": "optional"
        }
      ], 
      "returnvalues": [], 
      "deprecated": "", 
      "brief": "set a tile in a tile map", 
      "note": "", 
      "examples": "<pre>\n-- Clear the tile under the player.\ntilemap.set_tile(\"/level#tilemap\", \"foreground\", self.player_x, self.player_y, 0)\n</pre>", 
      "type": "FUNCTION", 
      "name": "tilemap.set_tile"
    }
  ]
}