{
  "elements": [
    {
      "description": "Calculates the conjugate of a quaternion. The result is a\nquaternion with the same magnitudes but with the sign of\nthe imaginary (vector) parts changed:\n<p><code>q<super>*</super> = [w, -v]</code></p>", 
      "parameters": [
        {
          "doc": "quaternion of which to calculate the conjugate (quaternion)", 
          "name": "q"
        }
      ], 
      "returnvalues": [
        {
          "doc": "conjugate (quaternion)", 
          "name": "the"
        }
      ], 
      "deprecated": "", 
      "brief": "calculates the conjugate of a quaternion", 
      "note": "", 
      "examples": "<pre>\nlocal quat = vmath.quat(1, 2, 3, 4)\nprint(vmath.conj(quat)) --> vmath.quat(-1, -2, -3, 4)\n</pre>", 
      "type": "FUNCTION", 
      "name": "vmath.conj"
    }, 
    {
      "description": "Given two linearly independent vectors P and Q, the cross product,\nP &#x00D7; Q, is a vector that is perpendicular to both P and Q and\ntherefore normal to the plane containing them.\n\n<p>If the two vectors have the same direction (or have the exact\nopposite direction from one another, i.e. are not linearly independent)\nor if either one has zero length, then their cross product is zero.</p>", 
      "parameters": [
        {
          "doc": "first vector (vector3)", 
          "name": "v1"
        }, 
        {
          "doc": "second vector (vector3)", 
          "name": "v2"
        }
      ], 
      "returnvalues": [
        {
          "doc": "new vector representing the cross product (vector3)", 
          "name": "a"
        }
      ], 
      "deprecated": "", 
      "brief": "calculates the cross-product of two vectors", 
      "note": "", 
      "examples": "<pre>\nlocal vec1 = vmath.vector3(1, 0, 0)\nlocal vec2 = vmath.vector3(0, 1, 0)\nprint(vmath.cross(vec1, vec2)) --> vmath.vector3(0, 0, 1)\nlocal vec3 = vmath.vector3(-1, 0, 0)\nprint(vmath.cross(vec1, vec3)) --> vmath.vector3(0, -0, 0)\n</pre>", 
      "type": "FUNCTION", 
      "name": "vmath.cross"
    }, 
    {
      "description": "The returned value is a scalar defined as:\n<p><code>P &#x22C5; Q = |P| |Q| cos &#x03B8;</code></p>\nwhere &#x03B8; is the angle between the vectors P and Q.\n<ul>\n<li>If the dot product is >1.0 then the vectors are both pointing in the same direction.</li>\n<li>If the dot product is zero the vectors are perpendicular (at right-angles to each other).</li>\n<li>If the dot product is < 1.0 then the vectors are pointing in opposite directions.</li>\n</ul>", 
      "parameters": [
        {
          "doc": "first vector (vector3 or vector4)", 
          "name": "v1"
        }, 
        {
          "doc": "second vector (vector3 or vector4)", 
          "name": "v1"
        }
      ], 
      "returnvalues": [
        {
          "doc": "product (number)", 
          "name": "dot"
        }
      ], 
      "deprecated": "", 
      "brief": "calculates the dot-product of two vectors", 
      "note": "", 
      "examples": "<pre>\nif vmath.dot(vector1, vector2) == 0 then\n    -- The two vectors are perpendicular (at right-angles to each other)\n    ...\nend\n</pre>", 
      "type": "FUNCTION", 
      "name": "vmath.dot"
    }, 
    {
      "description": "The resulting matrix is the inverse of the supplied matrix.", 
      "parameters": [
        {
          "doc": "matrix to invert (matrix4)", 
          "name": "m"
        }
      ], 
      "returnvalues": [
        {
          "doc": "of the supplied matrix (matrix4)", 
          "name": "inverse"
        }
      ], 
      "deprecated": "", 
      "brief": "calculates the inverse matrix.", 
      "note": "For ortho-normal matrices, e.g. regular object transformation,\nuse <code>vmath.ortho_inv()</code> instead.\nThe specialized inverse for ortho-normalized matrices is much faster\nthan the general inverse.", 
      "examples": "<pre>\nlocal mat1 = vmath.matrix4_rotation_z(3.141592653)\nlocal mat2 = vmath.inv(mat1)\n-- M * inv(M) = identity matrix\nprint(mat1 * mat2) --> vmath.matrix4(1, 0, 0, 0, 0, 1, 0, 0, 0, 0, 1, 0, 0, 0, 0, 1)\n</pre>", 
      "type": "FUNCTION", 
      "name": "vmath.inv"
    }, 
    {
      "description": "Returns the length of the supplied vector.", 
      "parameters": [
        {
          "doc": "vector of which to calculate the length (vector3 or vector4)", 
          "name": "v"
        }
      ], 
      "returnvalues": [
        {
          "doc": "length (number)", 
          "name": "vector"
        }
      ], 
      "deprecated": "", 
      "brief": "calculates the vector length", 
      "note": "", 
      "examples": "<pre>\nif vmath.length(self.velocity) < max_velocity then\n    -- The speed (velocity vector) is below max.\n    ...\nend\n</pre>", 
      "type": "FUNCTION", 
      "name": "vmath.length"
    }, 
    {
      "description": "Returns the squared length of the supplied vector.", 
      "parameters": [
        {
          "doc": "vector of which to calculate the squared length (vector3 or vector4)", 
          "name": "v"
        }
      ], 
      "returnvalues": [
        {
          "doc": "vector length (number)", 
          "name": "squared"
        }
      ], 
      "deprecated": "", 
      "brief": "calculates the squared vector length", 
      "note": "", 
      "examples": "<pre>\nif vmath.length_sqr(vector1) == 1 then\n    -- The vector is normalized\n    ...\nend\n</pre>", 
      "type": "FUNCTION", 
      "name": "vmath.length_sqr"
    }, 
    {
      "description": "Linearly interpolate between two vectors. The function\ntreats the vectors as positions and interpolates between\nthe positions in a straight line. Lerp is useful to describe\ntransitions from one place to another over time.", 
      "parameters": [
        {
          "doc": "interpolation parameter, 0-1 (number)", 
          "name": "t"
        }, 
        {
          "doc": "vector to lerp from (vector3 or vector4)", 
          "name": "v1"
        }, 
        {
          "doc": "vector to lerp to (vector3 or vector4)", 
          "name": "v2"
        }
      ], 
      "returnvalues": [
        {
          "doc": "lerped vector (vector3 or vector4)", 
          "name": "the"
        }
      ], 
      "deprecated": "", 
      "brief": "lerps between two vectors", 
      "note": "The function does not clamp t between 0 and 1.", 
      "examples": "<pre>\nfunction init(self)\n    self.t = 0\nend\n\nfunction update(self, dt)\n    self.t = self.t + dt\n    if self.t <= 1 then\n        local startpos = vmath.vector3(0, 600, 0)\n        local endpos = vmath.vector3(600, 0, 0)\n        local pos = vmath.lerp(self.t, startpos, endpos)\n        go.set_position(pos, \"go\")\n    end\nend\n</pre>", 
      "type": "FUNCTION", 
      "name": "vmath.lerp"
    }, 
    {
      "description": "Linearly interpolate between two quaternions. Linear\ninterpolation of rotations are only useful for small\nrotations. For interpolations of arbitrary rotations,\n<code>vmath.slerp()</code> yields much better results.", 
      "parameters": [
        {
          "doc": "interpolation parameter, 0-1 (number)", 
          "name": "t"
        }, 
        {
          "doc": "quaternion to lerp from (quaternion)", 
          "name": "q1"
        }, 
        {
          "doc": "quaternion to lerp to (quaternion)", 
          "name": "q2"
        }
      ], 
      "returnvalues": [
        {
          "doc": "lerped quaternion (quaternion)", 
          "name": "the"
        }
      ], 
      "deprecated": "", 
      "brief": "lerps between two quaternions", 
      "note": "The function does not clamp t between 0 and 1.", 
      "examples": "<pre>\nfunction init(self)\n    self.t = 0\nend\n\nfunction update(self, dt)\n    self.t = self.t + dt\n    if self.t <= 1 then\n        local startrot = vmath.quat_rotation_z(0)\n        local endrot = vmath.quat_rotation_z(3.141592653)\n        local rot = vmath.lerp(self.t, startrot, endrot)\n        go.set_rotation(rot, \"go\")\n    end\nend\n</pre>", 
      "type": "FUNCTION", 
      "name": "vmath.lerp"
    }, 
    {
      "description": "Linearly interpolate between two values. Lerp is useful\nto describe transitions from one value to another over time.", 
      "parameters": [
        {
          "doc": "interpolation parameter, 0-1 (number)", 
          "name": "t"
        }, 
        {
          "doc": "number to lerp from (number)", 
          "name": "n1"
        }, 
        {
          "doc": "number to lerp to (number)", 
          "name": "n2"
        }
      ], 
      "returnvalues": [
        {
          "doc": "lerped number (number)", 
          "name": "the"
        }
      ], 
      "deprecated": "", 
      "brief": "lerps between two numbers", 
      "note": "The function does not clamp t between 0 and 1.", 
      "examples": "<pre>\nfunction init(self)\n    self.t = 0\nend\n\nfunction update(self, dt)\n    self.t = self.t + dt\n    if self.t <= 1 then\n        local startx = 0\n        local endx = 600\n        local x = vmath.lerp(self.t, startx, endx)\n        go.set_position(vmath.vector3(x, 100, 0), \"go\")\n    end\nend\n</pre>", 
      "type": "FUNCTION", 
      "name": "vmath.lerp"
    }, 
    {
      "description": "The resulting identity matrix describes a transform with\nno translation or rotation.", 
      "parameters": [], 
      "returnvalues": [
        {
          "doc": "matrix (matrix4)", 
          "name": "identity"
        }
      ], 
      "deprecated": "", 
      "brief": "creates a new identity matrix", 
      "note": "", 
      "examples": "<pre>\nlocal mat = vmath.matrix4()\nprint(mat) --> vmath.matrix4(1, 0, 0, 0, 0, 1, 0, 0, 0, 0, 1, 0, 0, 0, 0, 1)\n</pre>", 
      "type": "FUNCTION", 
      "name": "vmath.matrix4"
    }, 
    {
      "description": "Creates a new matrix with all components set to the\ncorresponding values from the supplied matrix. I.e.\nthe function creates a copy of the given matrix.", 
      "parameters": [
        {
          "doc": "existing matrix (matrix4)", 
          "name": "m"
        }
      ], 
      "returnvalues": [
        {
          "doc": "which is a copy of the specified matrix (matrix4)", 
          "name": "matrix"
        }
      ], 
      "deprecated": "", 
      "brief": "creates a new matrix from another existing matrix", 
      "note": "", 
      "examples": "<pre>\nlocal mat1 = vmath.matrix4_rotation_x(3.141592653)\nlocal mat2 = vmath.matrix4(mat1)\nif mat1 == mat2 then\n    -- yes, they are equal\n    print(mat2) --> vmath.matrix4(1, 0, 0, 0, 0, -1, 8.7422776573476e-08, 0, 0, -8.7422776573476e-08, -1, 0, 0, 0, 0, 1)\nend\n</pre>", 
      "type": "FUNCTION", 
      "name": "vmath.matrix4"
    }, 
    {
      "description": "The resulting matrix describes a rotation around the axis by the specified angle.", 
      "parameters": [
        {
          "doc": "axis (vector3)", 
          "name": "v"
        }, 
        {
          "doc": "angle in radians (number)", 
          "name": "angle"
        }
      ], 
      "returnvalues": [
        {
          "doc": "represented by axis and angle (matrix4)", 
          "name": "matrix"
        }
      ], 
      "deprecated": "", 
      "brief": "creates a matrix from an axis and an angle", 
      "note": "", 
      "examples": "<pre>\nlocal vec = vmath.vector4(1, 1, 0, 0)\nlocal axis = vmath.vector3(0, 0, 1) -- z-axis\nlocal mat = vmath.matrix4_axis_angle(axis, 3.141592653)\nprint(mat * vec) --> vmath.vector4(-0.99999994039536, -1.0000001192093, 0, 0)\n</pre>", 
      "type": "FUNCTION", 
      "name": "vmath.matrix4_axis_angle"
    }, 
    {
      "description": "The resulting matrix describes the same rotation as the quaternion, but does not have any translation (also like the quaternion).", 
      "parameters": [
        {
          "doc": "quaternion to create matrix from (quaternion)", 
          "name": "q"
        }
      ], 
      "returnvalues": [
        {
          "doc": "represented by quaternion (matrix4)", 
          "name": "matrix"
        }
      ], 
      "deprecated": "", 
      "brief": "creates a matrix from a quaternion", 
      "note": "", 
      "examples": "<pre>\nlocal vec = vmath.vector4(1, 1, 0, 0)\nlocal quat = vmath.quat_rotation_z(3.141592653)\nlocal mat = vmath.matrix4_from_quat(quat)\nprint(mat * vec) --> vmath.matrix4_frustum(-1, 1, -1, 1, 1, 1000)\n</pre>", 
      "type": "FUNCTION", 
      "name": "vmath.matrix4_from_quat"
    }, 
    {
      "description": "Constructs a frustum matrix from the given values. The left, right,\ntop and bottom coordinates of the view cone are expressed as distances\nfrom the center of the near clipping plane. The near and far coordinates\nare expressed as distances from the tip of the view frustum cone.", 
      "parameters": [
        {
          "doc": "coordinate for left clipping plane (number)", 
          "name": "left"
        }, 
        {
          "doc": "coordinate for right clipping plane (number)", 
          "name": "right"
        }, 
        {
          "doc": "coordinate for bottom clipping plane (number)", 
          "name": "bottom"
        }, 
        {
          "doc": "coordinate for top clipping plane (number)", 
          "name": "top"
        }, 
        {
          "doc": "coordinate for near clipping plane (number)", 
          "name": "near"
        }, 
        {
          "doc": "coordinate for far clipping plane (number)", 
          "name": "far"
        }
      ], 
      "returnvalues": [
        {
          "doc": "representing the frustum (matrix4)", 
          "name": "matrix"
        }
      ], 
      "deprecated": "", 
      "brief": "creates a frustum matrix", 
      "note": "", 
      "examples": "<pre>\n-- Construct a projection frustum with a vertical and horizontal\n-- FOV of 45 degrees. Useful for rendering a square view.\nlocal proj = vmath.matrix4_frustum(-1, 1, -1, 1, 1, 1000)\nrender.set_projection(proj)\n</pre>", 
      "type": "FUNCTION", 
      "name": "vmath.matrix4_frustum"
    }, 
    {
      "description": "The resulting matrix is created from the supplied look-at parameters.\nThis is useful for constructing a view matrix for a camera or\nrendering in general.", 
      "parameters": [
        {
          "doc": "eye position (vector3)", 
          "name": "eye"
        }, 
        {
          "doc": "look-at position (vector3)", 
          "name": "look_at"
        }, 
        {
          "doc": "up vector (vector3)", 
          "name": "up"
        }
      ], 
      "returnvalues": [
        {
          "doc": "matrix (matrix4)", 
          "name": "look-at"
        }
      ], 
      "deprecated": "", 
      "brief": "creates a look-at view matrix", 
      "note": "", 
      "examples": "<pre>\n-- Set up a perspective camera at z 100 with 45 degrees (pi/2) FOV\n-- Aspect ratino 4:3\nlocal eye = vmath.vector3(0, 0, 100)\nlocal look_at = vmath.vector3(0, 0, 0)\nlocal up = vmath.vector3(0, 1, 0)\nlocal view = vmath.matrix4_look_at(eye, look_at, up)\nrender.set_view(view)\nlocal proj = vmath.matrix4_perspective(3.141592/2, 4/3, 1, 1000)\nrender.set_projection(proj)\n</pre>", 
      "type": "FUNCTION", 
      "name": "vmath.matrix4_look_at"
    }, 
    {
      "description": "Creates an orthographic projection matrix.\nThis is useful to construct a projection matrix for a camera or rendering in general.", 
      "parameters": [
        {
          "doc": "coordinate for left clipping plane (number)", 
          "name": "left"
        }, 
        {
          "doc": "coordinate for right clipping plane (number)", 
          "name": "right"
        }, 
        {
          "doc": "coordinate for bottom clipping plane (number)", 
          "name": "bottom"
        }, 
        {
          "doc": "coordinate for top clipping plane (number)", 
          "name": "top"
        }, 
        {
          "doc": "coordinate for near clipping plane (number)", 
          "name": "near"
        }, 
        {
          "doc": "coordinate for far clipping plane (number)", 
          "name": "far"
        }
      ], 
      "returnvalues": [
        {
          "doc": "projection matrix (matrix4)", 
          "name": "orthographic"
        }
      ], 
      "deprecated": "", 
      "brief": "creates an orthographic projection matrix", 
      "note": "", 
      "examples": "<pre>\n-- Set up an orthographic projection based on the width and height\n-- of the game window.\nlocal w = render.get_width()\nlocal h = render.get_height()\nlocal proj = vmath.matrix4_orthographic(- w / 2, w / 2, -h / 2, h / 2, -1000, 1000)\nrender.set_projection(proj)\n</pre>", 
      "type": "FUNCTION", 
      "name": "vmath.matrix4_orthographic"
    }, 
    {
      "description": "Creates a perspective projection matrix.\nThis is useful to construct a projection matrix for a camera or rendering in general.", 
      "parameters": [
        {
          "doc": "angle of the full vertical field of view in radians (number)", 
          "name": "fov"
        }, 
        {
          "doc": "aspect ratio (number)", 
          "name": "aspect"
        }, 
        {
          "doc": "coordinate for near clipping plane (number)", 
          "name": "near"
        }, 
        {
          "doc": "coordinate for far clipping plane (number)", 
          "name": "far"
        }
      ], 
      "returnvalues": [
        {
          "doc": "projection matrix (matrix4)", 
          "name": "perspective"
        }
      ], 
      "deprecated": "", 
      "brief": "creates a perspective projection matrix", 
      "note": "", 
      "examples": "<pre>\n-- Set up a perspective camera at z 100 with 45 degrees (pi/2) FOV\n-- Aspect ratino 4:3\nlocal eye = vmath.vector3(0, 0, 100)\nlocal look_at = vmath.vector3(0, 0, 0)\nlocal up = vmath.vector3(0, 1, 0)\nlocal view = vmath.matrix4_look_at(eye, look_at, up)\nrender.set_view(view)\nlocal proj = vmath.matrix4_perspective(3.141592/2, 4/3, 1, 1000)\nrender.set_projection(proj)\n</pre>", 
      "type": "FUNCTION", 
      "name": "vmath.matrix4_perspective"
    }, 
    {
      "description": "The resulting matrix describes a rotation around the x-axis\nby the specified angle.", 
      "parameters": [
        {
          "doc": "angle in radians around x-axis (number)", 
          "name": "angle"
        }
      ], 
      "returnvalues": [
        {
          "doc": "from rotation around x-axis (matrix4)", 
          "name": "matrix"
        }
      ], 
      "deprecated": "", 
      "brief": "creates a matrix from rotation around x-axis", 
      "note": "", 
      "examples": "<pre>\nlocal vec = vmath.vector4(1, 1, 0, 0)\nlocal mat = vmath.matrix4_rotation_x(3.141592653)\nprint(mat * vec) --> vmath.vector4(1, -1, -8.7422776573476e-08, 0)\n</pre>", 
      "type": "FUNCTION", 
      "name": "vmath.matrix4_rotation_x"
    }, 
    {
      "description": "The resulting matrix describes a rotation around the y-axis\nby the specified angle.", 
      "parameters": [
        {
          "doc": "angle in radians around y-axis (number)", 
          "name": "angle"
        }
      ], 
      "returnvalues": [
        {
          "doc": "from rotation around y-axis (matrix4)", 
          "name": "matrix"
        }
      ], 
      "deprecated": "", 
      "brief": "creates a matrix from rotation around y-axis", 
      "note": "", 
      "examples": "<pre>\nlocal vec = vmath.vector4(1, 1, 0, 0)\nlocal mat = vmath.matrix4_rotation_y(3.141592653)\nprint(mat * vec) --> vmath.vector4(-1, 1, 8.7422776573476e-08, 0)\n</pre>", 
      "type": "FUNCTION", 
      "name": "vmath.matrix4_rotation_y"
    }, 
    {
      "description": "The resulting matrix describes a rotation around the z-axis\nby the specified angle.", 
      "parameters": [
        {
          "doc": "angle in radians around z-axis (number)", 
          "name": "angle"
        }
      ], 
      "returnvalues": [
        {
          "doc": "from rotation around z-axis (matrix4)", 
          "name": "matrix"
        }
      ], 
      "deprecated": "", 
      "brief": "creates a matrix from rotation around z-axis", 
      "note": "", 
      "examples": "<pre>\nlocal vec = vmath.vector4(1, 1, 0, 0)\nlocal mat = vmath.matrix4_rotation_z(3.141592653)\nprint(mat * vec) --> vmath.vector4(-0.99999994039536, -1.0000001192093, 0, 0)\n</pre>", 
      "type": "FUNCTION", 
      "name": "vmath.matrix4_rotation_z"
    }, 
    {
      "description": "Normalizes a vector, i.e. returns a new vector with the same\ndirection as the input vector, but with length 1.", 
      "parameters": [
        {
          "doc": "vector to normalize (vector3|vector4)", 
          "name": "v"
        }
      ], 
      "returnvalues": [
        {
          "doc": "normalized vector (vector3|vector4)", 
          "name": "new"
        }
      ], 
      "deprecated": "", 
      "brief": "normalizes a vector", 
      "note": "The length of the vector must be above 0, otherwise a\ndivision-by-zero will occur.", 
      "examples": "<pre>\nlocal vec = vmath.vector3(1, 2, 3)\nlocal norm_vec = vmath.normalize(vec)\nprint(norm_vec) --> vmath.vector3(0.26726123690605, 0.5345224738121, 0.80178368091583)\nprint(vmath.length(norm_vec)) --> 0.99999994039536\n</pre>", 
      "type": "FUNCTION", 
      "name": "vmath.normalize"
    }, 
    {
      "description": "The resulting matrix is the inverse of the supplied matrix.\nThe supplied matrix has to be an ortho-normal matrix, e.g.\ndescribe a regular object transformation.", 
      "parameters": [
        {
          "doc": "ortho-normalized matrix to invert (matrix4)", 
          "name": "m"
        }
      ], 
      "returnvalues": [
        {
          "doc": "of the supplied matrix (matrix4)", 
          "name": "inverse"
        }
      ], 
      "deprecated": "", 
      "brief": "calculates the inverse of an ortho-normal matrix.", 
      "note": "For matrices that are not ortho-normal\nuse the general inverse <code>vmath.inv()</code> instead.", 
      "examples": "<pre>\nlocal mat1 = vmath.matrix4_rotation_z(3.141592653)\nlocal mat2 = vmath.ortho_inv(mat1)\n-- M * inv(M) = identity matrix\nprint(mat1 * mat2) --> vmath.matrix4(1, 0, 0, 0, 0, 1, 0, 0, 0, 0, 1, 0, 0, 0, 0, 1)\n</pre>", 
      "type": "FUNCTION", 
      "name": "vmath.ortho_inv"
    }, 
    {
      "description": "Calculates the extent the projection of the first vector onto the second.\nThe returned value is a scalar p defined as:\n<p><code>p = |P| cos &#x03B8; / |Q|</code></p>\nwhere &#x03B8; is the angle between the vectors P and Q.", 
      "parameters": [
        {
          "doc": "vector to be projected on the second (vector3)", 
          "name": "v1"
        }, 
        {
          "doc": "vector onto which the first will be projected, must not have zero length (vector3)", 
          "name": "v2"
        }
      ], 
      "returnvalues": [
        {
          "doc": "projected extent of the first vector onto the second (number)", 
          "name": "the"
        }
      ], 
      "deprecated": "", 
      "brief": "projects a vector onto another vector", 
      "note": "", 
      "examples": "<pre>\nlocal v1 = vmath.vector3(1, 1, 0)\nlocal v2 = vmath.vector3(2, 0, 0)\nprint(vmath.project(v1, v2)) --> 0.5\n</pre>", 
      "type": "FUNCTION", 
      "name": "vmath.project"
    }, 
    {
      "description": "Creates a new identity quaternion. The identity\nquaternion is equal to:\n<p><code>vmath.quat(0, 0, 0, 1)</code></p>", 
      "parameters": [], 
      "returnvalues": [
        {
          "doc": "identity quaternion (quaternion)", 
          "name": "new"
        }
      ], 
      "deprecated": "", 
      "brief": "creates a new identity quaternion", 
      "note": "", 
      "examples": "<pre>\nlocal quat = vmath.quat()\nprint(quat) --> vmath.quat(0, 0, 0, 1)\n</pre>", 
      "type": "FUNCTION", 
      "name": "vmath.quat"
    }, 
    {
      "description": "Creates a new quaternion with all components set to the\ncorresponding values from the supplied quaternion. I.e.\nThis function creates a copy of the given quaternion.", 
      "parameters": [
        {
          "doc": "existing quaternion (quaternion)", 
          "name": "q"
        }
      ], 
      "returnvalues": [
        {
          "doc": "quaternion (quaternion)", 
          "name": "new"
        }
      ], 
      "deprecated": "", 
      "brief": "creates a new quaternion from another existing quaternion", 
      "note": "", 
      "examples": "<pre>\nlocal quat1 = vmath.quat(1, 2, 3, 4)\nlocal quat2 = vmath.quat(quat1)\nif quat1 == quat2 then\n    -- yes, they are equal\n    print(quat2) --> vmath.quat(1, 2, 3, 4)\nend\n</pre>", 
      "type": "FUNCTION", 
      "name": "vmath.quat"
    }, 
    {
      "description": "Creates a new quartenion with the components set\naccording to the supplied parameter values.", 
      "parameters": [
        {
          "doc": "x coordinate (number)", 
          "name": "x"
        }, 
        {
          "doc": "y coordinate (number)", 
          "name": "y"
        }, 
        {
          "doc": "z coordinate (number)", 
          "name": "z"
        }, 
        {
          "doc": "w coordinate (number)", 
          "name": "w"
        }
      ], 
      "returnvalues": [
        {
          "doc": "quaternion (quaternion)", 
          "name": "new"
        }
      ], 
      "deprecated": "", 
      "brief": "creates a new quaternion from its coordinates", 
      "note": "", 
      "examples": "<pre>\nlocal quat = vmath.quat(1, 2, 3, 4)\nprint(quat) --> vmath.quat(1, 2, 3, 4)\n</pre>", 
      "type": "FUNCTION", 
      "name": "vmath.quat"
    }, 
    {
      "description": "The resulting quaternion describes a rotation of <code>angle</code>\nradians around the axis described by the unit length vector <code>v</code>.", 
      "parameters": [
        {
          "doc": "axis (vector3)", 
          "name": "v"
        }, 
        {
          "doc": "angle (number)", 
          "name": "angle"
        }
      ], 
      "returnvalues": [
        {
          "doc": "representing the axis-angle rotation (quaternion)", 
          "name": "quaternion"
        }
      ], 
      "deprecated": "", 
      "brief": "creates a quaternion to rotate around a unit-length vector", 
      "note": "", 
      "examples": "<pre>\nlocal axis = vmath.vector3(1, 0, 0)\nlocal rot = vmath.quat_axis_angle(axis, 3.141592653)\nlocal vec = vmath.vector3(1, 1, 0)\nprint(vmath.rotate(rot, vec)) --> vmath.vector3(1, -1, -8.7422776573476e-08)\n</pre>", 
      "type": "FUNCTION", 
      "name": "vmath.quat_axis_angle"
    }, 
    {
      "description": "The resulting quaternion describes the rotation from the\nidentity quaternion (no rotation) to the coordinate system\nas described by the given x, y and z base unit length vectors.", 
      "parameters": [
        {
          "doc": "x base vector (vector3)", 
          "name": "x"
        }, 
        {
          "doc": "y base vector (vector3)", 
          "name": "y"
        }, 
        {
          "doc": "z base vector (vector3)", 
          "name": "z"
        }
      ], 
      "returnvalues": [
        {
          "doc": "representing the rotation of the specified base vectors (quaternion)", 
          "name": "quaternion"
        }
      ], 
      "deprecated": "", 
      "brief": "creates a quaternion from three base unit length vectors", 
      "note": "", 
      "examples": "<pre>\n-- Axis rotated 90 degrees around z.\nlocal rot_x = vmath.vector3(0, -1, 0)\nlocal rot_y = vmath.vector3(1, 0, 0)\nlocal z = vmath.vector3(0, 0, 1)\nlocal rot1 = vmath.quat_basis(rot_x, rot_y, z)\nlocal rot2 = vmath.quat_from_to(vmath.vector3(0, 1, 0), vmath.vector3(1, * 0, 0))\nif rot1 == rot2 then\n    -- These quaternions are equal!\n    print(rot2) --> vmath.quat(0, 0, -0.70710676908493, 0.70710676908493)\nend\n</pre>", 
      "type": "FUNCTION", 
      "name": "vmath.quat_basis"
    }, 
    {
      "description": "The resulting quaternion describes the rotation that,\nif applied to the first vector, would rotate the first\nvector to the second. The two vectors must be unit\nlength vectors (of length 1).", 
      "parameters": [
        {
          "doc": "first unit vector, before rotation (vector3)", 
          "name": "v1"
        }, 
        {
          "doc": "second unit vector, after rotation (vector3)", 
          "name": "v2"
        }
      ], 
      "returnvalues": [
        {
          "doc": "representing the rotation from first to second vector (quaternion)", 
          "name": "quaternion"
        }
      ], 
      "deprecated": "", 
      "brief": "creates a quaternion to rotate between two unit length vectors", 
      "note": "The result is undefined if the two vectors point in opposite directions", 
      "examples": "<pre>\nlocal v1 = vmath.vector3(1, 0, 0)\nlocal v2 = vmath.vector3(0, 1, 0)\nlocal rot = vmath.quat_from_to(v1, v2)\nprint(vmath.rotate(rot, v1)) --> vmath.vector3(0, 0.99999994039536, 0)\n</pre>", 
      "type": "FUNCTION", 
      "name": "vmath.quat_from_to"
    }, 
    {
      "description": "The resulting quaternion describes a rotation of <code>angle</code>\nradians around the x-axis.", 
      "parameters": [
        {
          "doc": "angle in radians around x-axis (number)", 
          "name": "angle"
        }
      ], 
      "returnvalues": [
        {
          "doc": "representing the rotation around the x-axis (quaternion)", 
          "name": "quaternion"
        }
      ], 
      "deprecated": "", 
      "brief": "creates a quaternion from rotation around x-axis", 
      "note": "", 
      "examples": "<pre>\nlocal rot = vmath.quat_rotation_x(3.141592653)\nlocal vec = vmath.vector3(1, 1, 0)\nprint(vmath.rotate(rot, vec)) --> vmath.vector3(1, -1, -8.7422776573476e-08)\n</pre>", 
      "type": "FUNCTION", 
      "name": "vmath.quat_rotation_x"
    }, 
    {
      "description": "The resulting quaternion describes a rotation of <code>angle</code>\nradians around the y-axis.", 
      "parameters": [
        {
          "doc": "angle in radians around y-axis (number)", 
          "name": "angle"
        }
      ], 
      "returnvalues": [
        {
          "doc": "representing the rotation around the y-axis (quaternion)", 
          "name": "quaternion"
        }
      ], 
      "deprecated": "", 
      "brief": "creates a quaternion from rotation around y-axis", 
      "note": "", 
      "examples": "<pre>\nlocal rot = vmath.quat_rotation_y(3.141592653)\nlocal vec = vmath.vector3(1, 1, 0)\nprint(vmath.rotate(rot, vec)) --> vmath.vector3(-1, 1, 8.7422776573476e-08)\n</pre>", 
      "type": "FUNCTION", 
      "name": "vmath.quat_rotation_y"
    }, 
    {
      "description": "The resulting quaternion describes a rotation of <code>angle</code>\nradians around the z-axis.", 
      "parameters": [
        {
          "doc": "angle in radians around z-axis (number)", 
          "name": "angle"
        }
      ], 
      "returnvalues": [
        {
          "doc": "representing the rotation around the z-axis (quaternion)", 
          "name": "quaternion"
        }
      ], 
      "deprecated": "", 
      "brief": "creates a quaternion from rotation around z-axis", 
      "note": "", 
      "examples": "<pre>\nlocal rot = vmath.quat_rotation_z(3.141592653)\nlocal vec = vmath.vector3(1, 1, 0)\nprint(vmath.rotate(rot, vec)) --> vmath.vector3(-0.99999988079071, -1, 0)\n</pre>", 
      "type": "FUNCTION", 
      "name": "vmath.quat_rotation_z"
    }, 
    {
      "description": "Returns a new vector from the supplied vector that is\nrotated by the rotation described by the supplied\nquaternion.", 
      "parameters": [
        {
          "doc": "quaternion (quaternion)", 
          "name": "q"
        }, 
        {
          "doc": "vector to rotate (vector3)", 
          "name": "v"
        }
      ], 
      "returnvalues": [
        {
          "doc": "rotated vector (vector3)", 
          "name": "the"
        }
      ], 
      "deprecated": "", 
      "brief": "rotates a vector by a quaternion", 
      "note": "", 
      "examples": "<pre>\nlocal vec = vmath.vector3(1, 1, 0)\nlocal rot = vmath.quat_rotation_z(3.141592563)\nprint(vmath.rotate(rot, vec)) --> vmath.vector3(-1.0000002384186, -0.99999988079071, 0)\n</pre>", 
      "type": "FUNCTION", 
      "name": "vmath.rotate"
    }, 
    {
      "description": "Spherically interpolates between two vectors. The difference to\nlerp is that slerp treats the vectors as directions instead of\npositions in space.\n\nThe direction of the returned vector is interpolated by the angle\nand the magnitude is interpolated between the magnitudes of the\nfrom and to vectors.\n\nSlerp is computationally more expensive than lerp.", 
      "parameters": [
        {
          "doc": "interpolation parameter, 0-1 (number)", 
          "name": "t"
        }, 
        {
          "doc": "vector to slerp from (vector3 or vector4)", 
          "name": "v1"
        }, 
        {
          "doc": "vector to slerp to (vector3 or vector4)", 
          "name": "v2"
        }
      ], 
      "returnvalues": [
        {
          "doc": "slerped vector (vector3 or vector4)", 
          "name": "the"
        }
      ], 
      "deprecated": "", 
      "brief": "slerps between two vectors", 
      "note": "The function does not clamp t between 0 and 1.", 
      "examples": "<pre>\nfunction init(self)\n    self.t = 0\nend\n\nfunction update(self, dt)\n    self.t = self.t + dt\n    if self.t <= 1 then\n        local startpos = vmath.vector3(0, 600, 0)\n        local endpos = vmath.vector3(600, 0, 0)\n        local pos = vmath.slerp(self.t, startpos, endpos)\n        go.set_position(pos, \"go\")\n    end\nend\n</pre>", 
      "type": "FUNCTION", 
      "name": "vmath.slerp"
    }, 
    {
      "description": "Slerp travels the torque-minimal path maintaining constant\nvelocity, which means it travels along the straightest path along\nthe rounded surface of a sphere. Slerp is useful for interpolation\nof rotations.\n\nSlerp travels the torque-minimal path, which means it travels\nalong the straightest path the rounded surface of a sphere.", 
      "parameters": [
        {
          "doc": "interpolation parameter, 0-1 (number)", 
          "name": "t"
        }, 
        {
          "doc": "quaternion to slerp from (quaternion)", 
          "name": "q1"
        }, 
        {
          "doc": "quaternion to slerp to (quaternion)", 
          "name": "q2"
        }
      ], 
      "returnvalues": [
        {
          "doc": "slerped quaternion (quaternion)", 
          "name": "the"
        }
      ], 
      "deprecated": "", 
      "brief": "slerps between two quaternions", 
      "note": "The function does not clamp t between 0 and 1.", 
      "examples": "<pre>\nfunction init(self)\n    self.t = 0\nend\n\nfunction update(self, dt)\n    self.t = self.t + dt\n    if self.t <= 1 then\n        local startrot = vmath.quat_rotation_z(0)\n        local endrot = vmath.quat_rotation_z(3.141592653)\n        local rot = vmath.slerp(self.t, startrot, endrot)\n        go.set_rotation(rot, \"go\")\n    end\nend\n</pre>", 
      "type": "FUNCTION", 
      "name": "vmath.slerp"
    }, 
    {
      "description": "", 
      "parameters": [
        {
          "doc": "table of numbers", 
          "name": "t"
        }
      ], 
      "returnvalues": [
        {
          "doc": "vector (vector)", 
          "name": "new"
        }
      ], 
      "deprecated": "", 
      "brief": "creates a new vector from a table of values", 
      "note": "", 
      "examples": "", 
      "type": "FUNCTION", 
      "name": "vmath.vector"
    }, 
    {
      "description": "Creates a new zero vector with all components set to 0.", 
      "parameters": [], 
      "returnvalues": [
        {
          "doc": "zero vector (vector3)", 
          "name": "new"
        }
      ], 
      "deprecated": "", 
      "brief": "creates a new zero vector", 
      "note": "", 
      "examples": "<pre>\nlocal vec = vmath.vector3()\nprint(vec) --> vmath.vector3(0, 0, 0)\n</pre>", 
      "type": "FUNCTION", 
      "name": "vmath.vector3"
    }, 
    {
      "description": "Creates a new vector with all components set to the\nsupplied scalar value.", 
      "parameters": [
        {
          "doc": "scalar value to splat (number)", 
          "name": "n"
        }
      ], 
      "returnvalues": [
        {
          "doc": "vector (vector3)", 
          "name": "new"
        }
      ], 
      "deprecated": "", 
      "brief": "creates a new vector from scalar value", 
      "note": "", 
      "examples": "<pre>\nlocal vec = vmath.vector3(1.0)\nprint(vec) --> vmath.vector3(1, 1, 1)\n</pre>", 
      "type": "FUNCTION", 
      "name": "vmath.vector3"
    }, 
    {
      "description": "Creates a new vector with all components set to the\ncorresponding values from the supplied vector. I.e.\nThis function creates a copy of the given vector.", 
      "parameters": [
        {
          "doc": "existing vector (vector3)", 
          "name": "v"
        }
      ], 
      "returnvalues": [
        {
          "doc": "vector (vector3)", 
          "name": "new"
        }
      ], 
      "deprecated": "", 
      "brief": "creates a new vector from another existing vector", 
      "note": "", 
      "examples": "<pre>\nlocal vec1 = vmath.vector3(1.0)\nlocal vec2 = vmath.vector3(vec1)\nif vec1 == vec2 then\n    -- yes, they are equal\n    print(vec2) --> vmath.vector3(1, 1, 1)\nend\n</pre>", 
      "type": "FUNCTION", 
      "name": "vmath.vector3"
    }, 
    {
      "description": "Creates a new vector with the components set to the\nsupplied values.", 
      "parameters": [
        {
          "doc": "x coordinate (number)", 
          "name": "x"
        }, 
        {
          "doc": "y coordinate (number)", 
          "name": "y"
        }, 
        {
          "doc": "z coordinate (number)", 
          "name": "z"
        }
      ], 
      "returnvalues": [
        {
          "doc": "vector (vector3)", 
          "name": "new"
        }
      ], 
      "deprecated": "", 
      "brief": "creates a new vector from its coordinates", 
      "note": "", 
      "examples": "<pre>\nlocal vec = vmath.vector3(1.0, 2.0, 3.0)\nprint(vec) --> vmath.vector3(1, 2, 3)\nprint(-vec) --> vmath.vector3(-1, -2, -3)\nprint(vec * 2) --> vmath.vector3(2, 4, 6)\nprint(vec + vmath.vector3(2.0)) --> vmath.vector4(4, 4, 5)\n</pre>", 
      "type": "FUNCTION", 
      "name": "vmath.vector3"
    }, 
    {
      "description": "Creates a new zero vector with all components set to 0.", 
      "parameters": [], 
      "returnvalues": [
        {
          "doc": "zero vector (vector4)", 
          "name": "new"
        }
      ], 
      "deprecated": "", 
      "brief": "creates a new zero vector", 
      "note": "", 
      "examples": "<pre>\nlocal vec = vmath.vector4()\nprint(vec) --> vmath.vector4(0, 0, 0, 0)\n</pre>", 
      "type": "FUNCTION", 
      "name": "vmath.vector4"
    }, 
    {
      "description": "Creates a new vector with all components set to the\nsupplied scalar value.", 
      "parameters": [
        {
          "doc": "scalar value to splat (number)", 
          "name": "n"
        }
      ], 
      "returnvalues": [
        {
          "doc": "vector (vector4)", 
          "name": "new"
        }
      ], 
      "deprecated": "", 
      "brief": "creates a new vector from scalar value", 
      "note": "", 
      "examples": "<pre>\nlocal vec = vmath.vector4(1.0)\nprint(vec) --> vmath.vector4(1, 1, 1, 1)\n</pre>", 
      "type": "FUNCTION", 
      "name": "vmath.vector4"
    }, 
    {
      "description": "Creates a new vector with all components set to the\ncorresponding values from the supplied vector. I.e.\nThis function creates a copy of the given vector.", 
      "parameters": [
        {
          "doc": "existing vector (vector4)", 
          "name": "v"
        }
      ], 
      "returnvalues": [
        {
          "doc": "vector (vector4)", 
          "name": "new"
        }
      ], 
      "deprecated": "", 
      "brief": "creates a new vector from another existing vector", 
      "note": "", 
      "examples": "<pre>\nlocal vect1 = vmath.vector4(1.0)\nlocal vect2 = vmath.vector4(vec1)\nif vec1 == vec2 then\n    -- yes, they are equal\n    print(vec2) --> vmath.vector4(1, 1, 1, 1)\nend\n</pre>", 
      "type": "FUNCTION", 
      "name": "vmath.vector4"
    }, 
    {
      "description": "Creates a new vector with the components set to the\nsupplied values.", 
      "parameters": [
        {
          "doc": "x coordinate (number)", 
          "name": "x"
        }, 
        {
          "doc": "y coordinate (number)", 
          "name": "y"
        }, 
        {
          "doc": "z coordinate (number)", 
          "name": "z"
        }, 
        {
          "doc": "w coordinate (number)", 
          "name": "w"
        }
      ], 
      "returnvalues": [
        {
          "doc": "vector (vector4)", 
          "name": "new"
        }
      ], 
      "deprecated": "", 
      "brief": "creates a new vector from its coordinates", 
      "note": "", 
      "examples": "<pre>\nlocal vec = vmath.vector4(1.0, 2.0, 3.0, 4.0)\nprint(vec) --> vmath.vector4(1, 2, 3, 4)\nprint(-vec) --> vmath.vector4(-1, -2, -3, -4)\nprint(vec * 2) --> vmath.vector4(2, 4, 6, 8)\nprint(vec + vmath.vector4(2.0)) --> vmath.vector4(3, 4, 5, 6)\n</pre>", 
      "type": "FUNCTION", 
      "name": "vmath.vector4"
    }
  ]
}