{
  "elements": [
    {
      "description": "Creates a webview instance. It that can show html pages as well as evaluate javascript. It remains hidden until the first call", 
      "parameters": [
        {
          "doc": "(function) A callback which receives info about finished requests.\n\n<ul>\n    <li>self (object) The calling script</li>\n    <li>webview_id (number) The webview id</li>\n    <li>request_id (number) The request id</li>\n    <li>type (number) The type of the callback. Can be one of these:</li>\n    <ul>\n        <li>webview.CALLBACK_RESULT_URL_OK</li>\n        <li>webview.CALLBACK_RESULT_URL_ERROR</li>\n        <li>webview.CALLBACK_RESULT_EVAL_OK</li>\n        <li>webview.CALLBACK_RESULT_EVAL_ERROR</li>\n    </ul>\n    <li>data (table) The callback value ''data'' is a table which currently holds these values</li>\n    <ul>\n        <li>url (string) The url used in the webview.open() call. nil otherwise.</li>\n        <li>result (string) Holds the result of either: a failed url open, a successful eval request or a failed eval. nil otherwise</li>\n    </ul>\n</ul>", 
          "name": "callback"
        }
      ], 
      "returnvalues": [
        {
          "doc": "The id number of the webview", 
          "name": "(int)"
        }
      ], 
      "deprecated": "", 
      "brief": "Creates a webview", 
      "note": "On iOS, the callback will never get a webview.CALLBACK_RESULT_EVAL_ERROR, due to the iOS SDK implementation", 
      "examples": "<pre>\nfunction webview_callback(self, webview_id, request_id, type, data)\n    if type == webview.CALLBACK_RESULT_URL_OK then\n        -- the page is now loaded, let's show it\n        webview.set_visible(webview_id, 1)\n    elseif type == webview.CALLBACK_RESULT_URL_ERROR then\n        print(\"Failed to load url: \" .. data[\"url\"])\n        print(\"Error: \" .. data[\"error\"])\n    elseif type == webview.CALLBACK_RESULT_EVAL_OK then\n        print(\"Eval ok. Result: \" .. data['result'])\n    elseif type == webview.CALLBACK_RESULT_EVAL_ERROR then\n        print(\"Eval not ok. Request # \" .. request_id)\n    end\nend\n\nlocal webview_id = webview.create(webview_callback)\n</pre>", 
      "type": "FUNCTION", 
      "name": "webview.create"
    }, 
    {
      "description": "Destroys an instance of a webview", 
      "parameters": [
        {
          "doc": "(number) The webview id (returned by the webview.create() call)", 
          "name": "webview_id"
        }
      ], 
      "returnvalues": [], 
      "deprecated": "", 
      "brief": "Destroys a webview", 
      "note": "", 
      "examples": "", 
      "type": "FUNCTION", 
      "name": "webview.destroy"
    }, 
    {
      "description": "Evaluates java script within the context of the currently loaded page (if any). Once the request is done, the callback (registered in webview.create() ) is invoked. The callback will get the result in the data[\"result\"] field.", 
      "parameters": [
        {
          "doc": "   (number) The webview id", 
          "name": "webview_id"
        }, 
        {
          "doc": "         (string) The java script code to evaluate", 
          "name": "code"
        }
      ], 
      "returnvalues": [
        {
          "doc": "The id number of the request", 
          "name": "(int)"
        }
      ], 
      "deprecated": "", 
      "brief": "Evaluates javascript in a webview", 
      "note": "", 
      "examples": "<pre>\nlocal request_id = webview.eval(webview_id, \"GetMyFormData()\")\n</pre>", 
      "type": "FUNCTION", 
      "name": "webview.eval"
    }, 
    {
      "description": "Gets the visibility state of the webview", 
      "parameters": [
        {
          "doc": "   (number) The webview id (returned by the webview.create() call)", 
          "name": "webview_id"
        }
      ], 
      "returnvalues": [
        {
          "doc": "Returns 0 if not visible, 1 if it is visible", 
          "name": "(number)"
        }
      ], 
      "deprecated": "", 
      "brief": "Gets the visibility state of the webview", 
      "note": "", 
      "examples": "", 
      "type": "FUNCTION", 
      "name": "webview.is_visible"
    }, 
    {
      "description": "Opens a web page in the webview, using an url. Once the request is done, the callback (registered in webview.create() ) is invoked", 
      "parameters": [
        {
          "doc": "   (number) The webview id", 
          "name": "webview_id"
        }, 
        {
          "doc": "          (string) The url to open", 
          "name": "url"
        }, 
        {
          "doc": "      (table) A table of options for the request. Currently it holds these options\n<ul>\n    <li>hidden (boolean) If true, the webview will stay hidden (default=false)</li>\n</ul>", 
          "name": "options"
        }
      ], 
      "returnvalues": [
        {
          "doc": "The id number of the request", 
          "name": "(int)"
        }
      ], 
      "deprecated": "", 
      "brief": "Open a page uring an url", 
      "note": "", 
      "examples": "<pre>\nlocal request_id = webview.open(webview_id, \"http://www.defold.com\", {hidden = true})\n</pre>", 
      "type": "FUNCTION", 
      "name": "webview.open"
    }, 
    {
      "description": "Opens a web page in the webview, using html data. Once the request is done, the callback (registered in webview.create() ) is invoked", 
      "parameters": [
        {
          "doc": "   (number) The webview id", 
          "name": "webview_id"
        }, 
        {
          "doc": "         (string) The html data to display", 
          "name": "html"
        }, 
        {
          "doc": "      (table) A table of options for the request. See webview.open()", 
          "name": "options"
        }
      ], 
      "returnvalues": [
        {
          "doc": "The id number of the request", 
          "name": "(int)"
        }
      ], 
      "deprecated": "", 
      "brief": "Open a page using html", 
      "note": "", 
      "examples": "<pre>\nlocal html = sys.load_resource(\"/main/data/test.html\")\nlocal request_id = webview.open_raw(webview_id, html, {hidden = true})\n</pre>", 
      "type": "FUNCTION", 
      "name": "webview.open_raw"
    }, 
    {
      "description": "Shows or hides a web view", 
      "parameters": [
        {
          "doc": "   (number) The webview id (returned by the webview.create() call)", 
          "name": "webview_id"
        }, 
        {
          "doc": "      (number) If 0, hides the webview. If non zero, shows the view", 
          "name": "visible"
        }
      ], 
      "returnvalues": [], 
      "deprecated": "", 
      "brief": "Shows or hides a web view", 
      "note": "", 
      "examples": "", 
      "type": "FUNCTION", 
      "name": "webview.set_visible"
    }
  ]
}