{
  "elements": [
    {
      "description": "Dimming mode is used to control whether or not a mobile device should dim the screen after a period without user interaction.", 
      "parameters": [], 
      "returnvalues": [], 
      "deprecated": "", 
      "brief": "dimming mode off", 
      "note": "", 
      "examples": "", 
      "type": "VARIABLE", 
      "name": "window.DIMMING_OFF"
    }, 
    {
      "description": "Dimming mode is used to control whether or not a mobile device should dim the screen after a period without user interaction.", 
      "parameters": [], 
      "returnvalues": [], 
      "deprecated": "", 
      "brief": "dimming mode on", 
      "note": "", 
      "examples": "", 
      "type": "VARIABLE", 
      "name": "window.DIMMING_ON"
    }, 
    {
      "description": "Dimming mode is used to control whether or not a mobile device should dim the screen after a period without user interaction.\nThis mode indicates that the dim mode can't be determined, or that the platform doesn't support dimming.", 
      "parameters": [], 
      "returnvalues": [], 
      "deprecated": "", 
      "brief": "dimming mode unknown", 
      "note": "", 
      "examples": "", 
      "type": "VARIABLE", 
      "name": "window.DIMMING_UNKNOWN"
    }, 
    {
      "description": "The dimming mode specifies whether or not a mobile device should dim the screen after a period without user interaction.", 
      "parameters": [], 
      "returnvalues": [
        {
          "doc": "(constant) The mode for screen dimming\n<ul>\n    <li><code>window.DIMMING_UNKNOWN</code></li>\n    <li><code>window.DIMMING_ON</code></li>\n    <li><code>window.DIMMING_OFF</code></li>\n</ul>", 
          "name": "mode"
        }
      ], 
      "deprecated": "", 
      "brief": "Get the mode for screen dimming", 
      "note": "", 
      "examples": "", 
      "type": "FUNCTION", 
      "name": "window.get_dim_mode"
    }, 
    {
      "description": "The dimming mode specifies whether or not a mobile device should dim the screen after a period without user interaction. The dimming mode will only affect the mobile device while the game is in focus on the device, but not when the game is running in the background.", 
      "parameters": [
        {
          "doc": "(constant) The mode for screen dimming\n<ul>\n    <li><code>window.DIMMING_ON</code></li>\n    <li><code>window.DIMMING_OFF</code></li>\n</ul>", 
          "name": "mode"
        }
      ], 
      "returnvalues": [], 
      "deprecated": "", 
      "brief": "Set the mode for screen dimming", 
      "note": "", 
      "examples": "", 
      "type": "FUNCTION", 
      "name": "window.set_dim_mode"
    }, 
    {
      "description": "Sets a window event listener.", 
      "parameters": [
        {
          "doc": "(function) A callback which receives info about window events. Can be nil.\n\n<ul>\n    <li>self (object) The calling script</li>\n    <li>event (number) The type of event. Can be one of these:</li>\n    <ul>\n        <li>window.WINDOW_EVENT_FOCUS_LOST</li>\n        <li>window.WINDOW_EVENT_FOCUS_GAINED</li>\n        <li>window.WINDOW_EVENT_RESIZED</li>\n    </ul>\n    <li>data (table) The callback value ''data'' is a table which currently holds these values</li>\n    <ul>\n        <li>width (number) The width of a resize event. nil otherwise.</li>\n        <li>height (number) The height of a resize event. nil otherwise.</li>\n    </ul>\n</ul>", 
          "name": "callback"
        }
      ], 
      "returnvalues": [], 
      "deprecated": "", 
      "brief": "Sets a window event listener", 
      "note": "", 
      "examples": "<pre>\nfunction window_callback(self, event, data)\n    if event == window.WINDOW_EVENT_FOCUS_LOST then\n        print(\"window.WINDOW_EVENT_FOCUS_LOST\")\n    elseif event == window.WINDOW_EVENT_FOCUS_GAINED then\n        print(\"window.WINDOW_EVENT_FOCUS_GAINED\")\n    elseif event == window.WINDOW_EVENT_RESIZED then\n        print(\"Window resized: \", data.width, data.height)\n    end\nend\n\nfunction init(self)\n    window.set_listener(window_callback)\nend\n</pre>", 
      "type": "FUNCTION", 
      "name": "window.set_listener"
    }
  ]
}