{
  "elements": [
    {
      "description": "A lua error is raised is on error", 
      "parameters": [
        {
          "doc": "buffer to deflate (string)", 
          "name": "buf"
        }
      ], 
      "returnvalues": [
        {
          "doc": "buffer (string)", 
          "name": "deflated"
        }
      ], 
      "deprecated": "", 
      "brief": "Deflate (compress) a buffer", 
      "note": "", 
      "examples": "", 
      "type": "FUNCTION", 
      "name": "zlib.deflate"
    }, 
    {
      "description": "A lua error is raised is on error", 
      "parameters": [
        {
          "doc": "buffer to inflate (string)", 
          "name": "buf"
        }
      ], 
      "returnvalues": [
        {
          "doc": "buffer (string)", 
          "name": "inflated"
        }
      ], 
      "deprecated": "", 
      "brief": "Inflate (decompress) a buffer", 
      "note": "", 
      "examples": "", 
      "type": "FUNCTION", 
      "name": "zlib.inflate"
    }
  ]
}